select_model_id,select_regDate,select_mile,select_partition_month,city,car_id
1147417,2017/10/26,4.3411,2019/11/22,广西,17811
1147417,2017/10/27,8.4846,2019/11/22,江苏,17988
1147417,2017/11/23,3.5311,2019/11/22,广东,18269
1147417,2017/11/27,4.5421,2019/11/22,广西,18272
1147417,2017/11/20,2.0257,2019/11/22,广东,18485
1147417,2018/9/20,5.1759,2019/11/22,贵州,44798
1147417,2018/6/15,6.2491,2019/11/22,云南,44813
1147417,2018/6/15,5.4137,2019/11/22,云南,44819
1147417,2018/7/16,4.9497,2019/11/22,广东,44834
1147417,2018/7/16,5.0742,2019/11/22,广东,44836
1147417,2018/7/16,4.8167,2019/11/22,广东,44837
1147417,2018/7/16,4.8366,2019/11/22,广东,44838
1147417,2018/9/3,2.8976,2019/11/22,广东,44856
1147417,2018/9/3,3.4056,2019/11/22,广东,44930
1147417,2018/6/27,3.4221,2019/11/22,广东,44942
1147417,2018/6/27,5.0458,2019/11/22,广东,44963
1147417,2018/6/27,2.9497,2019/11/22,广东,44964
1147417,2018/7/10,5.4554,2019/11/22,广东,45081
1147417,2018/7/10,4.4717,2019/11/22,广东,45084
1147417,2018/8/31,4.0499,2019/11/22,广东,45085
1147417,2018/7/10,4.0328,2019/11/22,广东,45092
1147417,2018/7/10,4.9822,2019/11/22,广东,45096
1147417,2018/8/31,4.5982,2019/11/22,广东,45097
1147417,2018/8/29,3.9206,2019/11/22,广东,45103
1147417,2018/8/29,4.9674,2019/11/22,广东,45108
1147417,2018/8/29,4.0541,2019/11/22,广东,45118
1147417,2018/9/25,3.9053,2019/11/22,重庆,45153
1147417,2018/9/18,3.3538,2019/11/22,重庆,45154
1147417,2018/9/18,2.8764,2019/11/22,四川,45155
1147417,2018/7/9,4.9313,2019/11/22,重庆,45157
1147417,2018/9/19,2.8274,2019/11/22,重庆,45158
1147417,2018/7/5,4.9234,2019/11/22,重庆,45159
1147417,2018/7/6,2.7855,2019/11/22,重庆,45161
1147417,2018/7/6,4.8384,2019/11/22,重庆,45162
1147417,2018/9/2,3.4618,2019/11/22,贵州,45163
1147417,2018/9/12,3.8651,2019/11/22,重庆,45165
1147417,2018/9/11,3.6504,2019/11/22,重庆,45167
1147417,2018/9/18,4.3854,2019/11/22,重庆,45168
1147417,2018/9/18,3.6831,2019/11/22,四川,45169
1147417,2018/9/19,3.179,2019/11/22,重庆,45170
1147417,2018/9/18,2.6031,2019/11/22,重庆,45172
1147417,2018/7/6,3.4712,2019/11/22,重庆,45174
1147417,2018/9/18,3.6431,2019/11/22,重庆,45176
1147417,2018/9/18,3.5095,2019/11/22,重庆,45177
1147417,2018/7/5,4.0785,2019/11/22,重庆,45179
1147417,2018/9/18,4.8675,2019/11/22,重庆,45183
1147417,2018/9/18,4.394,2019/11/22,重庆,45185
1147417,2018/9/18,3.5608,2019/11/22,四川,45186
1147417,2018/8/19,3.8442,2019/11/22,重庆,45188
1147417,2018/9/19,3.9861,2019/11/22,重庆,45190
1147417,2018/9/18,4.5757,2019/11/22,重庆,45192
1147417,2018/9/18,3.6804,2019/11/22,重庆,45193
1147417,2018/7/6,6.315,2019/11/22,重庆,45196
1147417,2018/7/5,4.6871,2019/11/22,重庆,45197
1147417,2018/9/18,3.7825,2019/11/22,重庆,45199
1147417,2018/8/17,4.168,2019/11/22,重庆,45206
1147417,2018/7/9,3.8863,2019/11/22,重庆,45207
1147417,2018/7/5,4.2277,2019/11/22,四川,45209
1147417,2018/7/6,3.1433,2019/11/22,四川,45210
1147417,2018/7/5,4.2335,2019/11/22,重庆,45211
1147417,2018/9/18,4.2247,2019/11/22,重庆,45213
1147417,2018/9/19,3.6229,2019/11/22,重庆,45215
1147417,2018/9/19,4.0594,2019/11/22,贵州,45216
1147417,2018/7/4,5.6151,2019/11/22,重庆,45217
1147417,2018/7/3,4.3045,2019/11/22,重庆,45218
1147417,2018/7/6,4.7231,2019/11/22,重庆,45219
1147417,2018/9/19,3.4883,2019/11/22,四川,45223
1147417,2018/9/18,4.8625,2019/11/22,重庆,45227
1147417,2018/9/19,3.7223,2019/11/22,重庆,45229
1147417,2018/10/1,3.2318,2019/11/22,重庆,45230
1147417,2018/7/5,5.7971,2019/11/22,重庆,45232
1147417,2018/8/12,3.1646,2019/11/22,重庆,45235
1147417,2018/7/5,3.8085,2019/11/22,重庆,45237
1147417,2018/9/18,5.0589,2019/11/22,重庆,45240
1147417,2018/7/6,5.8286,2019/11/22,重庆,45242
1147417,2018/7/6,4.5064,2019/11/22,重庆,45245
1147417,2018/7/27,5.3708,2019/11/22,重庆,45246
1147417,2018/7/6,7.3083,2019/11/22,重庆,45248
1147417,2018/7/5,5.3476,2019/11/22,重庆,45249
1147417,2018/9/19,4.6317,2019/11/22,重庆,45252
1147417,2018/6/10,4.2358,2019/11/22,重庆,45257
1147417,2018/7/6,5.1052,2019/11/22,重庆,45259
1147417,2018/9/17,3.9754,2019/11/22,四川,45260
1147417,2018/9/19,2.9668,2019/11/22,重庆,45263
1147417,2018/7/4,4.1591,2019/11/22,四川,45264
1147417,2018/7/6,6.7415,2019/11/22,重庆,45265
1147417,2018/8/1,4.3579,2019/11/22,安徽,45282
1147417,2018/6/22,5.6343,2019/11/22,安徽,45284
1147417,2018/6/22,4.5655,2019/11/22,安徽,45286
1147417,2018/6/21,4.788,2019/11/22,安徽,45288
1147417,2018/7/4,4.7806,2019/11/22,河北,45327
1147417,2018/8/30,4.1928,2019/11/22,广东,45346
1147417,2018/7/4,5.4106,2019/11/22,辽宁,45370
1147417,2018/7/4,4.5529,2019/11/22,山东,45397
1147417,2018/8/31,3.6003,2019/11/22,河北,45426
1147417,2018/7/4,5.2441,2019/11/22,山西,45444
1147417,2018/8/31,2.9681,2019/11/22,山西,45450
1147417,2018/8/30,3.5539,2019/11/22,浙江,45458
1147417,2018/6/30,5.3274,2019/11/22,山东,45497
1147417,2018/6/30,4.3115,2019/11/22,江苏,45504
1147417,2018/6/30,4.7313,2019/11/22,辽宁,45512
1147417,2018/8/30,4.236,2019/11/22,山东,45538
1147417,2018/7/4,4.1884,2019/11/22,河北,45544
1147417,2018/6/30,4.3547,2019/11/22,山西,45563
1147417,2018/9/17,3.1766,2019/11/22,河南,45569
1147417,2018/7/9,5.5486,2019/11/22,陕西,45572
1147417,2018/7/9,3.7061,2019/11/22,河南,45574
1147417,2018/7/9,3.6068,2019/11/22,陕西,45576
1147417,2018/7/9,4.2353,2019/11/22,陕西,45579
1147417,2018/9/17,3.5667,2019/11/22,陕西,45585
1147417,2018/9/17,3.953,2019/11/22,陕西,45587
1147417,2018/7/9,3.8515,2019/11/22,河南,45588
1147417,2018/7/9,3.879,2019/11/22,陕西,45589
1147417,2018/9/17,3.4079,2019/11/22,陕西,45593
1147417,2018/9/17,3.3451,2019/11/22,河南,45596
1147417,2018/7/9,4.0989,2019/11/22,河南,45604
1147417,2018/9/17,4.0093,2019/11/22,陕西,45605
1147417,2018/7/27,4.7893,2019/11/22,陕西,45610
1147417,2018/7/9,4.8519,2019/11/22,陕西,45611
1147417,2018/7/9,4.941,2019/11/22,陕西,45612
1147417,2018/7/9,4.1741,2019/11/22,陕西,45613
1147417,2018/7/9,4.2581,2019/11/22,陕西,45614
1147417,2018/7/9,3.8997,2019/11/22,河南,45615
1147417,2018/7/9,5.378,2019/11/22,陕西,45616
1147417,2018/9/17,4.0696,2019/11/22,陕西,45623
1147417,2018/7/9,4.3149,2019/11/22,陕西,45627
1147417,2018/7/9,5.04,2019/11/22,陕西,45628
1147417,2018/9/17,3.6122,2019/11/22,陕西,45638
1147417,2018/9/17,3.6054,2019/11/22,陕西,45641
1147417,2018/9/17,2.9077,2019/11/22,陕西,45642
1147417,2018/9/1,3.3173,2019/11/22,陕西,45643
1147417,2018/9/17,4.6507,2019/11/22,陕西,45646
1147417,2018/9/17,3.4806,2019/11/22,陕西,45649
1147417,2018/7/9,5.3432,2019/11/22,河南,45650
1147417,2018/9/17,3.2883,2019/11/22,河南,45652
1147417,2018/9/17,3.9997,2019/11/22,陕西,45655
1147417,2018/7/9,3.4969,2019/11/22,河南,45656
1147417,2018/9/17,3.2712,2019/11/22,陕西,45658
1147417,2018/7/9,3.2684,2019/11/22,河南,45663
1147417,2018/7/9,3.6931,2019/11/22,河南,45664
1147417,2018/7/9,3.9453,2019/11/22,陕西,45668
1147417,2018/7/9,4.9491,2019/11/22,陕西,45671
1147417,2018/7/9,4.6311,2019/11/22,陕西,45672
1147417,2018/7/9,5.1472,2019/11/22,陕西,45673
1147417,2018/9/17,3.9291,2019/11/22,陕西,45674
1147417,2018/7/9,5.0121,2019/11/22,陕西,45675
1147417,2018/7/9,4.743,2019/11/22,陕西,45676
1147417,2018/7/9,4.6644,2019/11/22,湖北,45677
1147417,2018/7/9,4.3963,2019/11/22,陕西,45680
1147417,2018/7/9,4.6712,2019/11/22,陕西,45682
1147417,2018/7/9,5.1644,2019/11/22,陕西,45683
1147417,2018/9/17,4.2372,2019/11/22,陕西,45686
1147417,2018/7/9,4.6248,2019/11/22,陕西,45690
1147417,2018/7/9,4.4593,2019/11/22,北京,45691
1147417,2018/7/9,4.6918,2019/11/22,陕西,45692
1147417,2018/7/9,5.7327,2019/11/22,陕西,45694
1147417,2018/7/9,4.0215,2019/11/22,陕西,45695
1147417,2018/7/9,4.6769,2019/11/22,陕西,45700
1147417,2018/7/9,3.4968,2019/11/22,陕西,45702
1147417,2018/7/9,4.9608,2019/11/22,陕西,45703
1147417,2018/9/17,4.871,2019/11/22,陕西,45707
1147417,2018/9/17,3.3263,2019/11/22,陕西,45708
1147417,2018/9/17,4.0451,2019/11/22,陕西,45709
1147417,2018/9/17,3.2141,2019/11/22,陕西,45712
1147417,2018/6/28,5.7087,2019/11/22,新疆,45716
1147417,2018/9/20,5.1987,2019/11/22,宁夏,45718
1147417,2018/6/27,7.218,2019/11/22,河南,45722
1147417,2018/6/27,4.275,2019/11/22,新疆,45724
1147417,2018/6/27,5.4807,2019/11/22,新疆,45726
1147417,2018/6/27,4.5637,2019/11/22,河南,45728
1147417,2018/6/27,5.2355,2019/11/22,甘肃,45729
1147417,2018/6/25,4.4936,2019/11/22,青海,45735
1147417,2018/6/25,3.6002,2019/11/22,青海,45737
1147417,2018/9/20,3.3106,2019/11/22,陕西,45741
1147417,2018/9/19,2.3048,2019/11/22,青海,45744
1147417,2018/9/19,2.4474,2019/11/22,陕西,45745
1147417,2018/9/20,3.843,2019/11/22,青海,45757
1147417,2018/6/28,5.6418,2019/11/22,宁夏,45769
1147417,2018/6/28,5.3702,2019/11/22,河南,45774
1147417,2018/9/17,3.9699,2019/11/22,河南,45782
1147417,2018/9/19,3.3324,2019/11/22,青海,45785
1147417,2018/9/17,3.7661,2019/11/22,青海,45790
1147417,2018/6/27,4.2593,2019/11/22,甘肃,45791
1147417,2018/9/19,2.3026,2019/11/22,陕西,45796
1147417,2018/9/20,4.6122,2019/11/22,青海,45797
1147417,2018/6/28,6.7619,2019/11/22,宁夏,45805
1147417,2018/6/27,5.1713,2019/11/22,宁夏,45808
1147417,2018/6/25,5.3836,2019/11/22,陕西,45809
1147417,2018/9/19,2.53,2019/11/22,青海,45812
1147417,2018/9/20,3.0072,2019/11/22,河南,45814
1147417,2018/6/25,6.0166,2019/11/22,青海,45826
1147417,2018/9/17,3.1011,2019/11/22,宁夏,45829
1147417,2018/6/25,7.2201,2019/11/22,新疆,45844
1147417,2018/9/17,3.8996,2019/11/22,青海,45850
1147417,2018/6/25,6.5491,2019/11/22,宁夏,45870
1147417,2018/6/27,3.8343,2019/11/22,宁夏,45878
1147417,2018/9/20,2.995,2019/11/22,青海,45880
1147417,2018/9/18,3.2802,2019/11/22,青海,45884
1147417,2018/9/19,4.2075,2019/11/22,新疆,45886
1147417,2018/9/17,3.774,2019/11/22,河南,45887
1147417,2018/9/17,3.5178,2019/11/22,青海,45896
1147417,2018/9/17,3.4602,2019/11/22,青海,45904
1147417,2018/9/20,3.4732,2019/11/22,青海,45909
1147417,2018/9/18,5.619,2019/11/22,青海,45915
1147417,2018/9/17,2.9158,2019/11/22,河南,45922
1147417,2018/9/20,3.5154,2019/11/22,河南,45925
1147417,2018/9/20,3.2754,2019/11/22,河南,45926
1147417,2018/6/25,5.2215,2019/11/22,新疆,45937
1147417,2018/9/19,3.0843,2019/11/22,宁夏,45938
1147417,2018/9/20,4.1332,2019/11/22,河南,45951
1147417,2018/6/28,6.0584,2019/11/22,宁夏,45954
1147417,2018/6/27,6.9456,2019/11/22,宁夏,45958
1147417,2018/6/27,5.9244,2019/11/22,新疆,45959
1147417,2018/9/17,4.4777,2019/11/22,宁夏,45961
1147417,2018/6/27,4.8567,2019/11/22,宁夏,45973
1147417,2018/6/25,6.8595,2019/11/22,新疆,45978
1147417,2018/9/19,3.0942,2019/11/22,河南,45979
1147417,2018/9/20,5.0426,2019/11/22,河南,45981
1147417,2018/9/19,3.2338,2019/11/22,河南,45982
1147417,2018/6/26,6.2525,2019/11/22,新疆,45985
1147417,2018/6/27,6.1882,2019/11/22,宁夏,45999
1147417,2018/6/27,5.3421,2019/11/22,内蒙古,46000
1147417,2018/6/28,2.0951,2019/11/22,新疆,46005
1147417,2018/6/25,4.9138,2019/11/22,甘肃,46009
1147417,2018/6/25,4.5349,2019/11/22,内蒙古,46011
1147417,2018/9/3,4.991,2019/11/22,内蒙古,46013
1147417,2018/7/2,6.6887,2019/11/22,内蒙古,46014
1147417,2018/9/4,3.9404,2019/11/22,内蒙古,46015
1147417,2018/9/4,3.078,2019/11/22,内蒙古,46016
1147417,2018/9/4,3.9624,2019/11/22,内蒙古,46017
1147417,2018/9/4,3.4961,2019/11/22,内蒙古,46018
1147417,2018/9/4,3.483,2019/11/22,内蒙古,46020
1147417,2018/7/2,5.351,2019/11/22,宁夏,46022
1147417,2018/7/2,4.862,2019/11/22,内蒙古,46026
1147417,2018/7/3,4.3312,2019/11/22,内蒙古,46028
1147417,2018/7/3,5.0919,2019/11/22,内蒙古,46029
1147417,2018/7/2,3.8568,2019/11/22,内蒙古,46031
1147417,2018/7/2,4.2727,2019/11/22,内蒙古,46032
1147417,2018/9/4,3.7191,2019/11/22,内蒙古,46034
1147417,2018/9/4,3.2801,2019/11/22,内蒙古,46035
1147417,2018/7/3,4.9778,2019/11/22,内蒙古,46036
1147417,2018/7/6,5.0947,2019/11/22,北京,46107
1147417,2018/7/6,4.5041,2019/11/22,北京,46120
1147417,2018/7/6,3.148,2019/11/22,北京,46135
1147417,2018/9/18,3.4707,2019/11/22,陕西,46137
1147417,2018/7/3,4.997,2019/11/22,山西,46140
1147417,2018/7/3,2.9099,2019/11/22,山西,46145
1147417,2018/7/3,4.4064,2019/11/22,山西,46151
1147417,2018/6/26,4.579,2019/11/22,山西,46152
1147417,2018/6/27,6.2958,2019/11/22,山西,46158
1147417,2018/9/1,3.8776,2019/11/22,陕西,46159
1147417,2018/9/10,3.5327,2019/11/22,陕西,46160
1147417,2018/6/27,5.0166,2019/11/22,山西,46164
1147417,2018/7/3,3.5056,2019/11/22,河北,46165
1147417,2018/9/10,3.4163,2019/11/22,陕西,46167
1147417,2018/6/26,4.5287,2019/11/22,山西,46171
1147417,2018/9/10,5.0317,2019/11/22,陕西,46194
1147417,2018/9/4,3.8022,2019/11/22,山西,46204
1147417,2018/9/10,2.9924,2019/11/22,陕西,46211
1147417,2018/9/10,2.4461,2019/11/22,山西,46212
1147417,2018/6/13,4.9825,2019/11/22,黑龙江,46240
1147417,2018/6/13,3.859,2019/11/22,黑龙江,46241
1147417,2018/6/13,4.5373,2019/11/22,黑龙江,46245
1147417,2018/6/13,4.8749,2019/11/22,辽宁,46246
1147417,2018/8/31,4.6793,2019/11/22,黑龙江,46250
1147417,2018/6/13,4.7849,2019/11/22,黑龙江,46254
1147417,2018/9/12,5.013,2019/11/22,贵州,46271
1147417,2018/9/5,2.1265,2019/11/22,陕西,46295
1147417,2018/9/5,5.3161,2019/11/22,甘肃,46297
1147417,2018/9/5,4.7672,2019/11/22,甘肃,46299
1147417,2018/9/5,3.3246,2019/11/22,甘肃,46300
1147417,2018/9/5,3.1194,2019/11/22,甘肃,46302
1147417,2018/9/5,3.8271,2019/11/22,甘肃,46305
1147417,2018/9/5,4.4063,2019/11/22,北京,46307
1147417,2018/9/5,4.6953,2019/11/22,甘肃,46313
1147417,2018/9/5,3.6386,2019/11/22,甘肃,46315
1147417,2018/6/14,5.9273,2019/11/22,甘肃,46320
1147417,2018/6/14,6.2396,2019/11/22,甘肃,46321
1147417,2018/6/14,6.9781,2019/11/22,内蒙古,46322
1147417,2018/6/15,8.5569,2019/11/22,甘肃,46324
1147417,2018/6/14,8.3935,2019/11/22,甘肃,46325
1147417,2018/6/14,4.2241,2019/11/22,甘肃,46327
1147417,2018/6/15,4.823,2019/11/22,内蒙古,46332
1147417,2018/6/14,7.2196,2019/11/22,内蒙古,46334
1147417,2018/6/14,3.8009,2019/11/22,甘肃,46338
1147417,2018/6/14,4.7738,2019/11/22,宁夏,46339
1147417,2018/6/14,6.9895,2019/11/22,甘肃,46340
1147417,2018/6/14,6.3375,2019/11/22,甘肃,46341
1147417,2018/6/1,5.0209,2019/11/22,陕西,46343
1147417,2018/6/15,6.8029,2019/11/22,内蒙古,46345
1147417,2018/6/14,6.185,2019/11/22,宁夏,46346
1147417,2018/6/14,5.3134,2019/11/22,陕西,46349
1147417,2018/6/15,3.219,2019/11/22,陕西,46350
1147417,2018/6/15,3.4482,2019/11/22,陕西,46351
1147417,2018/6/14,5.8189,2019/11/22,陕西,46355
1147417,2018/6/14,4.5147,2019/11/22,宁夏,46357
1147417,2018/9/5,3.5582,2019/11/22,陕西,46358
1147417,2018/6/14,7.1887,2019/11/22,甘肃,46359
1147417,2018/6/14,8.1714,2019/11/22,宁夏,46360
1147417,2018/6/15,6.2584,2019/11/22,宁夏,46365
1147417,2018/6/14,6.5331,2019/11/22,甘肃,46366
1147417,2018/6/14,7.3124,2019/11/22,甘肃,46367
1147417,2018/6/15,7.4776,2019/11/22,甘肃,46368
1147417,2018/9/5,6.0725,2019/11/22,甘肃,46371
1147417,2018/6/14,6.2224,2019/11/22,甘肃,46372
1147417,2018/6/15,3.098,2019/11/22,宁夏,46373
1147417,2018/6/14,7.0783,2019/11/22,内蒙古,46374
1147417,2018/9/5,6.1185,2019/11/22,陕西,46376
1147417,2018/9/5,5.8867,2019/11/22,甘肃,46383
1147417,2018/9/5,2.7738,2019/11/22,甘肃,46385
1147417,2018/6/14,7.4919,2019/11/22,甘肃,46386
1147417,2018/6/14,5.3181,2019/11/22,甘肃,46387
1147417,2018/9/5,3.149,2019/11/22,甘肃,46393
1147417,2018/6/1,4.6309,2019/11/22,陕西,46396
1147417,2018/9/5,3.9436,2019/11/22,甘肃,46398
1147417,2018/9/5,6.0243,2019/11/22,甘肃,46399
1147417,2018/9/5,5.533,2019/11/22,甘肃,46400
1147417,2018/9/5,5.1498,2019/11/22,甘肃,46401
1147417,2018/6/14,4.1261,2019/11/22,湖北,46410
1147417,2018/8/31,3.9229,2019/11/22,湖南,46437
1147417,2018/6/14,5.3778,2019/11/22,湖南,46443
1147417,2018/6/14,5.7813,2019/11/22,湖南,46447
1147417,2018/6/14,5.3769,2019/11/22,湖南,46454
1147417,2018/6/14,5.0111,2019/11/22,湖北,46455
1147417,2018/6/14,5.8317,2019/11/22,湖北,46456
1147417,2018/6/14,5.1567,2019/11/22,湖南,46457
1147417,2018/8/31,3.8314,2019/11/22,湖南,46466
1147417,2018/6/14,5.5853,2019/11/22,湖南,46475
1147417,2018/8/31,4.6986,2019/11/22,湖南,46497
1147417,2018/8/31,4.4058,2019/11/22,湖南,46498
1147417,2018/6/14,5.2237,2019/11/22,湖北,46521
1147417,2018/6/14,5.0302,2019/11/22,湖南,46525
1147417,2018/6/12,5.2615,2019/11/22,重庆,46530
1147417,2018/9/3,3.5266,2019/11/22,四川,46534
1147417,2018/6/13,4.4676,2019/11/22,四川,46536
1147417,2018/6/13,4.1169,2019/11/22,四川,46538
1147417,2018/9/3,4.6279,2019/11/22,四川,46539
1147417,2018/6/13,4.7795,2019/11/22,四川,46540
1147417,2018/9/3,4.8079,2019/11/22,四川,46544
1147417,2018/9/3,4.0769,2019/11/22,四川,46545
1147417,2018/6/13,5.4878,2019/11/22,重庆,46547
1147417,2018/9/3,3.8787,2019/11/22,四川,46552
1147417,2018/9/3,3.1693,2019/11/22,四川,46553
1147417,2018/9/28,4.1184,2019/11/22,重庆,46557
1147417,2018/9/3,3.553,2019/11/22,重庆,46560
1147417,2018/9/3,4.6577,2019/11/22,重庆,46561
1147417,2018/9/3,2.4158,2019/11/22,四川,46562
1147417,2018/9/3,2.6711,2019/11/22,四川,46564
1147417,2018/6/13,5.8764,2019/11/22,四川,46568
1147417,2018/9/3,4.9921,2019/11/22,四川,46569
1147417,2018/9/3,4.8282,2019/11/22,四川,46572
1147417,2018/9/3,3.9102,2019/11/22,四川,46573
1147417,2018/6/13,4.2988,2019/11/22,四川,46574
1147417,2018/6/13,4.3271,2019/11/22,四川,46575
1147417,2018/9/3,6.3807,2019/11/22,贵州,46577
1147417,2018/9/3,3.8565,2019/11/22,重庆,46579
1147417,2018/9/3,4.7931,2019/11/22,四川,46581
1147417,2018/6/13,5.208,2019/11/22,四川,46583
1147417,2018/6/13,3.2715,2019/11/22,四川,46585
1147417,2018/9/3,4.9244,2019/11/22,四川,46586
1147417,2018/9/3,5.2023,2019/11/22,重庆,46588
1147417,2018/9/3,3.379,2019/11/22,四川,46591
1147417,2018/6/13,4.9329,2019/11/22,四川,46592
1147417,2018/9/3,3.7917,2019/11/22,四川,46593
1147417,2018/9/3,4.2206,2019/11/22,四川,46601
1147417,2018/6/12,5.4042,2019/11/22,四川,46602
1147417,2018/6/13,4.4597,2019/11/22,四川,46603
1147417,2018/6/13,4.1682,2019/11/22,四川,46606
1147417,2018/6/13,5.44,2019/11/22,重庆,46608
1147417,2018/6/13,5.1427,2019/11/22,重庆,46611
1147417,2018/9/3,3.2635,2019/11/22,四川,46613
1147417,2018/6/13,4.6028,2019/11/22,四川,46614
1147417,2018/9/3,3.9126,2019/11/22,四川,46617
1147417,2018/9/3,4.3025,2019/11/22,四川,46621
1147417,2018/6/13,3.8065,2019/11/22,四川,46623
1147417,2018/9/3,4.4074,2019/11/22,四川,46624
1147417,2018/9/3,4.8214,2019/11/22,四川,46625
1147417,2018/6/13,5.1191,2019/11/22,四川,46628
1147417,2018/9/3,3.8313,2019/11/22,四川,46633
1147417,2018/9/3,4.4245,2019/11/22,四川,46635
1147417,2018/9/3,5.524,2019/11/22,四川,46638
1147417,2018/9/3,3.2209,2019/11/22,云南,46639
1147417,2018/9/3,4.1333,2019/11/22,四川,46640
1147417,2018/9/3,4.6381,2019/11/22,重庆,46641
1147417,2018/6/13,6.6341,2019/11/22,四川,46649
1147417,2018/6/13,4.7376,2019/11/22,重庆,46654
1147417,2018/6/13,3.5201,2019/11/22,重庆,46655
1147417,2018/6/13,4.5881,2019/11/22,四川,46657
1147417,2018/6/13,5.8997,2019/11/22,四川,46658
1147417,2018/6/13,3.7116,2019/11/22,重庆,46659
1147417,2018/6/13,5.0628,2019/11/22,四川,46660
1147417,2018/6/13,5.9818,2019/11/22,四川,46661
1147417,2018/9/3,3.6583,2019/11/22,四川,46667
1147417,2018/6/12,3.6306,2019/11/22,四川,46668
1147417,2018/6/13,3.8259,2019/11/22,四川,46670
1147417,2018/6/13,5.0407,2019/11/22,四川,46671
1147417,2018/9/3,5.0783,2019/11/22,四川,46672
1147417,2018/9/3,3.3506,2019/11/22,四川,46673
1147417,2018/9/3,5.0223,2019/11/22,四川,46674
1147417,2018/6/13,5.6963,2019/11/22,四川,46679
1147417,2018/6/13,5.724,2019/11/22,四川,46680
1147417,2018/6/13,5.2144,2019/11/22,四川,46681
1147417,2018/6/13,6.3139,2019/11/22,四川,46682
1147417,2018/6/13,6.5033,2019/11/22,四川,46683
1147417,2018/6/13,4.9508,2019/11/22,四川,46684
1147417,2018/6/13,6.247,2019/11/22,四川,46686
1147417,2018/9/3,3.1396,2019/11/22,四川,46689
1147417,2018/6/12,4.4893,2019/11/22,四川,46691
1147417,2018/6/12,4.8896,2019/11/22,重庆,46692
1147417,2018/6/12,4.3857,2019/11/22,四川,46693
1147417,2018/6/13,4.2711,2019/11/22,四川,46696
1147417,2018/9/3,4.781,2019/11/22,四川,46697
1147417,2018/6/12,4.4879,2019/11/22,四川,46698
1147417,2018/6/13,4.8047,2019/11/22,云南,46699
1147417,2018/6/12,4.1431,2019/11/22,四川,46706
28299,2018/1/29,3.8307,2019/11/22,安徽,47148
28299,2018/1/9,7.3343,2019/11/22,河北,47434
23527,2016/2/1,9.2611,2019/11/22,湖北,54330
24638,2016/12/6,7.7567,2019/11/22,四川,54735
24638,2016/9/27,8.9417,2019/11/22,河南,54834
24638,2016/9/27,9.3539,2019/11/22,河南,54836
24638,2016/11/23,8.9653,2019/11/22,浙江,54861
24638,2016/11/23,9.2231,2019/11/22,浙江,54864
24638,2016/11/23,8.0433,2019/11/22,浙江,54879
24638,2016/11/23,9.0224,2019/11/22,浙江,54880
24638,2016/11/22,8.2791,2019/11/22,浙江,54891
24638,2016/9/28,9.6391,2019/11/22,河北,55088
24638,2016/9/26,8.9774,2019/11/22,四川,55540
24638,2016/12/6,7.4288,2019/11/22,四川,55542
24638,2016/12/14,7.9063,2019/11/22,云南,55654
29777,2016/12/28,6.0795,2019/11/22,浙江,55710
29777,2016/12/23,6.4549,2019/11/22,浙江,55712
29779,2016/9/9,12.7993,2019/11/22,四川,55880
29777,2016/7/27,17.3536,2019/11/22,陕西,55911
27731,2018/1/3,3.3837,2019/11/22,云南,56150
1126870,2018/6/12,4.6408,2019/11/22,四川,57789
1126870,2018/6/12,4.4874,2019/11/22,四川,57842
1126870,2018/6/12,4.7785,2019/11/22,重庆,57855
1126870,2018/6/12,5.5521,2019/11/22,四川,57861
1126870,2018/6/14,3.9496,2019/11/22,陕西,58006
1126870,2018/6/20,4.8621,2019/11/22,黑龙江,58107
1126870,2018/6/19,6.7418,2019/11/22,云南,58141
1126870,2018/6/27,3.3917,2019/11/22,山西,58183
1126870,2018/7/29,4.1899,2019/11/22,山西,58293
1126870,2018/6/29,6.5024,2019/11/22,新疆,58307
1126870,2018/6/29,7.4603,2019/11/22,山西,58309
1126870,2018/6/29,6.5337,2019/11/22,新疆,58315
1126870,2018/6/29,6.9478,2019/11/22,山西,58318
1126870,2018/6/29,5.3847,2019/11/22,山西,58323
1126870,2018/7/2,7.4747,2019/11/22,新疆,58327
1126870,2018/6/26,7.6138,2019/11/22,山西,58403
1126870,2018/7/3,3.7947,2019/11/22,山西,58460
1126870,2018/6/29,6.0495,2019/11/22,甘肃,58463
1126870,2018/7/2,7.0502,2019/11/22,甘肃,58471
1126870,2018/7/4,4.8645,2019/11/22,重庆,58496
1126870,2018/7/6,4.2025,2019/11/22,湖南,58662
1126870,2018/8/31,4.1312,2019/11/22,广东,58873
1126870,2018/8/31,3.8523,2019/11/22,黑龙江,58875
1126870,2018/9/2,3.867,2019/11/22,四川,58960
1126870,2018/9/2,4.4132,2019/11/22,四川,58964
1126870,2018/9/2,4.6582,2019/11/22,重庆,58979
1126870,2018/9/12,5.2378,2019/11/22,甘肃,59341
1126870,2018/9/12,5.4333,2019/11/22,陕西,59372
1126870,2018/9/20,4.5756,2019/11/22,重庆,59613
1126870,2018/9/21,2.9476,2019/11/22,河南,59634
1126870,2018/9/25,4.8845,2019/11/22,河南,59643
1126870,2018/9/25,3.4538,2019/11/22,甘肃,59650
1126870,2018/9/25,3.2689,2019/11/22,陕西,59697
23527,2016/2/1,7.1024,2019/11/22,福建,61471
31553,2016/12/23,8.1403,2019/11/22,浙江,61476
31553,2016/12/22,8.4496,2019/11/22,浙江,61482
23527,2016/2/1,9.4137,2019/11/22,安徽,61507
31553,2016/12/12,7.2955,2019/11/22,海南,61533
31553,2016/12/26,9.2508,2019/11/22,广西,61557
23527,2016/2/1,8.7942,2019/11/22,广西,61558
31553,2016/8/18,10.1372,2019/11/22,安徽,61559
31553,2016/8/18,7.4952,2019/11/22,山东,61561
31553,2016/2/1,9.9117,2019/11/22,浙江,61576
23527,2016/2/2,9.2507,2019/11/22,江苏,61583
31553,2016/11/1,6.3639,2019/11/22,海南,61588
23527,2016/2/2,7.5875,2019/11/22,湖北,61607
31553,2016/9/18,9.3272,2019/11/22,云南,61613
31553,2016/9/6,11.6354,2019/11/22,云南,61616
31553,2016/10/20,11.5952,2019/11/22,云南,61665
31553,2016/10/18,12.1458,2019/11/22,云南,61666
31553,2016/10/20,8.6979,2019/11/22,云南,61668
31553,2016/9/20,12.1778,2019/11/22,云南,61674
31553,2016/9/6,13.5803,2019/11/22,贵州,61679
31553,2016/9/5,11.6923,2019/11/22,广西,61680
31553,2016/9/20,11.8634,2019/11/22,云南,61714
23527,2016/3/3,8.4346,2019/11/22,广东,61752
23527,2016/3/3,8.1202,2019/11/22,广东,61758
23527,2016/2/2,8.8741,2019/11/22,江苏,61858
23527,2016/2/9,9.2054,2019/11/22,安徽,61958
23527,2016/2/18,7.6136,2019/11/22,福建,62029
31553,2016/10/17,8.8582,2019/11/22,北京,62037
31553,2016/8/17,7.2613,2019/11/22,河北,62046
31553,2016/9/27,7.8473,2019/11/22,黑龙江,62065
23527,2016/2/1,7.3047,2019/11/22,湖北,62328
23527,2016/2/2,10.108,2019/11/22,湖北,62371
31553,2016/8/22,8.0416,2019/11/22,四川,62454
31553,2016/8/10,7.8728,2019/11/22,重庆,62462
31553,2016/8/22,8.8219,2019/11/22,四川,62472
31553,2016/10/18,12.7055,2019/11/22,云南,62549
31553,2016/12/12,8.1085,2019/11/22,湖北,62665
31553,2016/12/26,10.3879,2019/11/22,广西,62718
31553,2016/12/26,9.3485,2019/11/22,广西,62719
31553,2016/12/26,10.6226,2019/11/22,广西,62720
31553,2016/12/26,9.1326,2019/11/22,广西,62724
31553,2016/12/16,10.4154,2019/11/22,广西,62727
31553,2016/12/16,11.8596,2019/11/22,广西,62737
31553,2016/12/14,9.4359,2019/11/22,广西,62738
31553,2017/1/11,9.1791,2019/11/22,广西,62740
31553,2017/1/17,9.1268,2019/11/22,广西,62741
31553,2017/1/20,10.0912,2019/11/22,广西,62742
31553,2017/1/20,9.8058,2019/11/22,广东,62743
23527,2016/2/4,10.4487,2019/11/22,广西,62755
31553,2017/1/19,10.8508,2019/11/22,广西,62761
31553,2017/1/19,10.1952,2019/11/22,广西,62763
23527,2016/2/3,10.3887,2019/11/22,广西,62767
31553,2016/12/26,9.8123,2019/11/22,广西,62776
31553,2017/1/20,9.0159,2019/11/22,广西,62777
31553,2016/12/26,11.5127,2019/11/22,广西,62778
31553,2016/12/16,12.0016,2019/11/22,广西,62779
31553,2016/12/26,13.0993,2019/11/22,广西,62786
31553,2016/12/26,8.8436,2019/11/22,广西,62791
31553,2017/1/19,9.1196,2019/11/22,广西,62793
31553,2016/12/26,13.2976,2019/11/22,广西,62799
31553,2016/12/26,9.2718,2019/11/22,广西,62804
31553,2016/12/26,10.055,2019/11/22,广西,62806
31553,2016/12/15,10.3161,2019/11/22,广西,62807
31553,2016/12/16,10.2968,2019/11/22,广西,62808
31553,2017/1/13,12.0162,2019/11/22,广西,62809
31553,2017/1/19,13.0392,2019/11/22,广西,62811
31553,2016/12/16,9.8843,2019/11/22,广西,62816
31553,2017/1/20,9.21,2019/11/22,广西,62830
31553,2017/1/19,9.8245,2019/11/22,广西,62832
31553,2016/12/26,9.0242,2019/11/22,广西,62863
31553,2017/1/13,9.2176,2019/11/22,广西,62867
31553,2016/12/26,9.2345,2019/11/22,广西,62873
31553,2016/12/26,11.0512,2019/11/22,广西,62874
31553,2017/1/19,10.951,2019/11/22,广西,62879
31553,2016/12/26,9.7187,2019/11/22,广西,62880
31553,2017/1/13,9.3036,2019/11/22,广西,62883
31553,2016/12/26,11.1145,2019/11/22,广西,62884
31553,2017/1/13,8.6224,2019/11/22,广西,62885
31553,2016/12/26,12.2653,2019/11/22,广西,62889
31553,2016/12/26,11.6672,2019/11/22,广西,62891
31553,2016/8/18,8.0224,2019/11/22,安徽,62901
31553,2016/8/18,8.9555,2019/11/22,山东,62907
31553,2016/8/18,9.2946,2019/11/22,上海,62908
31553,2016/8/18,9.3424,2019/11/22,山东,62910
31553,2016/8/18,8.4269,2019/11/22,安徽,62918
23527,2016/2/1,8.754,2019/11/22,江苏,62928
31553,2016/8/18,11.2546,2019/11/22,山东,62932
31553,2016/8/17,7.1292,2019/11/22,安徽,62937
31553,2016/8/18,8.9661,2019/11/22,浙江,62951
23527,2016/2/1,9.9022,2019/11/22,安徽,62961
23527,2016/2/1,5.3887,2019/11/22,福建,62979
31553,2016/8/18,11.3774,2019/11/22,安徽,62983
23527,2016/2/1,8.8366,2019/11/22,山东,63000
23527,2016/2/1,10.4952,2019/11/22,湖南,63019
23527,2016/2/1,9.081,2019/11/22,浙江,63032
23527,2016/2/1,7.3915,2019/11/22,安徽,63033
31553,2016/8/18,8.3545,2019/11/22,山东,63041
31553,2016/8/17,8.7487,2019/11/22,浙江,63052
23527,2016/2/2,10.8128,2019/11/22,江苏,63055
23527,2016/2/1,8.6527,2019/11/22,浙江,63080
23527,2016/2/2,7.973,2019/11/22,江西,63108
31553,2016/8/17,9.8236,2019/11/22,河北,63112
31553,2016/8/18,7.2389,2019/11/22,安徽,63118
23527,2016/2/1,8.9478,2019/11/22,江苏,63119
23527,2016/2/1,7.7502,2019/11/22,安徽,63120
23527,2016/2/1,9.1139,2019/11/22,浙江,63129
23527,2016/2/2,8.0759,2019/11/22,山东,63131
23527,2016/2/1,8.9503,2019/11/22,江苏,63134
23527,2016/2/2,9.4156,2019/11/22,山东,63150
31553,2016/11/1,5.0918,2019/11/22,海南,63159
31553,2016/11/1,7.112,2019/11/22,海南,63167
31553,2016/11/1,7.1448,2019/11/22,海南,63181
31553,2016/11/1,7.2239,2019/11/22,海南,63186
31553,2016/11/1,8.7308,2019/11/22,海南,63187
31553,2016/11/1,6.2395,2019/11/22,山西,63188
31553,2016/11/1,7.779,2019/11/22,海南,63190
31553,2016/11/1,5.8952,2019/11/22,山东,63191
31553,2016/11/1,9.074,2019/11/22,海南,63197
31553,2016/10/31,6.907,2019/11/22,海南,63199
31553,2016/10/31,6.0167,2019/11/22,山东,63201
31553,2016/10/31,7.0007,2019/11/22,海南,63202
31553,2016/10/31,6.4219,2019/11/22,山西,63213
31553,2016/10/31,7.7128,2019/11/22,海南,63215
31553,2016/10/31,8.6958,2019/11/22,海南,63216
31553,2016/10/31,4.6951,2019/11/22,山西,63220
31553,2016/10/31,6.6074,2019/11/22,山东,63226
31553,2016/10/31,5.5984,2019/11/22,山西,63227
31553,2016/10/31,6.1565,2019/11/22,山西,63236
31553,2016/11/1,7.0842,2019/11/22,山西,63239
31553,2016/10/31,4.5664,2019/11/22,山西,63243
23527,2016/2/18,7.524,2019/11/22,福建,63249
31553,2016/8/12,9.7385,2019/11/22,辽宁,63255
31553,2016/10/17,9.7951,2019/11/22,北京,63283
23527,2016/1/29,9.4432,2019/11/22,湖北,63308
23527,2016/2/2,7.5881,2019/11/22,福建,63327
23527,2016/1/29,8.9204,2019/11/22,湖北,63329
23527,2016/2/2,6.313,2019/11/22,湖北,63338
23527,2016/2/1,9.005,2019/11/22,福建,63339
23527,2016/2/2,8.636,2019/11/22,湖北,63344
23527,2016/2/1,10.0852,2019/11/22,云南,63359
23527,2016/2/1,5.7585,2019/11/22,湖北,63363
31553,2016/2/2,8.5186,2019/11/22,河南,63364
23527,2016/2/2,7.943,2019/11/22,河南,63365
23527,2016/2/2,7.8227,2019/11/22,河南,63373
23527,2016/2/1,9.2011,2019/11/22,湖北,63377
23527,2016/2/1,9.3454,2019/11/22,湖北,63378
23527,2016/2/2,6.3091,2019/11/22,湖北,63379
23527,2016/2/1,6.8368,2019/11/22,湖北,63389
23527,2016/2/2,9.9013,2019/11/22,湖北,63397
23527,2016/2/2,9.8311,2019/11/22,湖北,63414
23527,2016/2/1,7.6447,2019/11/22,湖北,63420
23527,2016/2/2,8.0538,2019/11/22,河南,63427
23527,2016/2/1,10.7628,2019/11/22,河南,63429
23527,2016/2/1,7.9606,2019/11/22,河南,63432
23527,2016/1/29,8.241,2019/11/22,湖北,63438
31553,2016/8/25,8.4858,2019/11/22,四川,63451
31553,2016/8/22,10.3431,2019/11/22,湖北,63457
31553,2016/8/22,9.3902,2019/11/22,四川,63463
31553,2016/8/25,8.3911,2019/11/22,四川,63478
29777,2016/10/17,8.2047,2019/11/22,北京,63493
29777,2016/10/26,8.6846,2019/11/22,内蒙古,63495
29777,2016/10/17,8.3083,2019/11/22,北京,63512
29777,2016/6/1,7.9532,2019/11/22,浙江,63560
29777,2016/7/22,7.7739,2019/11/22,安徽,63580
29777,2016/7/25,8.0767,2019/11/22,安徽,63585
29777,2016/12/22,7.4548,2019/11/22,浙江,63610
29777,2016/12/23,10.4104,2019/11/22,浙江,63612
29777,2016/7/26,7.8461,2019/11/22,广东,63651
29777,2016/7/22,7.3531,2019/11/22,江西,63717
29777,2016/7/11,7.9697,2019/11/22,湖北,63877
29777,2016/12/28,7.6371,2019/11/22,浙江,63932
29777,2016/12/23,5.8382,2019/11/22,浙江,63938
29777,2016/8/18,8.2618,2019/11/22,上海,64078
29777,2016/8/19,8.1595,2019/11/22,河南,64091
29777,2016/8/18,8.7021,2019/11/22,山东,64114
29777,2016/7/22,7.8515,2019/11/22,安徽,64128
29777,2016/8/18,7.1778,2019/11/22,江苏,64132
29777,2016/7/22,9.298,2019/11/22,安徽,64138
29777,2016/8/18,8.2875,2019/11/22,山东,64151
29777,2016/8/18,9.0903,2019/11/22,山东,64153
29777,2016/7/22,7.4125,2019/11/22,江苏,64160
29777,2016/8/18,8.2134,2019/11/22,山东,64178
29777,2016/7/22,7.2308,2019/11/22,浙江,64180
29777,2016/8/18,5.9693,2019/11/22,浙江,64187
29777,2016/7/22,7.4921,2019/11/22,河北,64190
29777,2016/7/22,7.0374,2019/11/22,福建,64247
29777,2016/8/18,9.3742,2019/11/22,江苏,64249
29777,2016/7/22,9.3767,2019/11/22,浙江,64252
29777,2016/8/18,8.4247,2019/11/22,河北,64261
29777,2016/8/18,8.4325,2019/11/22,山东,64273
29777,2016/8/18,8.0408,2019/11/22,江苏,64277
29777,2016/7/23,7.2407,2019/11/22,浙江,64288
29777,2017/2/24,6.81,2019/11/22,陕西,64304
29777,2016/7/23,7.38,2019/11/22,江苏,64306
29777,2016/7/23,8.9875,2019/11/22,江苏,64316
29777,2016/7/23,8.3856,2019/11/22,山东,64318
29777,2016/7/23,8.1359,2019/11/22,山东,64338
29777,2016/7/23,8.6881,2019/11/22,山东,64352
29777,2016/7/23,8.3881,2019/11/22,福建,64356
29777,2016/7/23,10.2345,2019/11/22,浙江,64357
29777,2016/7/23,9.0361,2019/11/22,江苏,64367
29777,2016/7/23,8.758,2019/11/22,浙江,64370
29777,2016/7/19,6.9307,2019/11/22,辽宁,64393
29777,2016/7/25,8.4449,2019/11/22,河北,64418
29777,2016/9/27,7.3312,2019/11/22,吉林,64427
29777,2016/9/30,7.5112,2019/11/22,辽宁,64428
29777,2016/7/11,9.001,2019/11/22,湖北,64448
29777,2016/7/11,7.9336,2019/11/22,安徽,64466
29777,2016/7/11,8.4447,2019/11/22,福建,64480
29777,2016/7/11,9.6203,2019/11/22,河南,64489
29777,2016/8/11,5.9772,2019/11/22,陕西,64509
1126619,2017/9/26,4.7286,2019/11/22,北京,65121
1126619,2017/7/24,5.7259,2019/11/22,四川,65126
1126619,2017/6/26,7.3843,2019/11/22,重庆,65129
1126619,2017/7/4,7.59,2019/11/22,云南,65134
1126619,2017/6/28,6.4764,2019/11/22,云南,65142
1126619,2017/7/24,7.5277,2019/11/22,湖北,65147
1134642,2018/2/6,3.7591,2019/11/22,陕西,66422
1126619,2017/9/19,4.6931,2019/11/22,辽宁,66644
1126619,2017/9/27,4.902,2019/11/22,广东,66655
1126619,2017/10/1,5.3973,2019/11/22,广东,66674
1126619,2017/12/19,5.0345,2019/11/22,浙江,66694
29585,2017/5/23,4.5763,2019/11/22,北京,66971
29585,2017/5/25,6.0101,2019/11/22,北京,66996
29585,2017/4/28,6.3998,2019/11/22,北京,67002
29585,2017/5/25,6.9387,2019/11/22,北京,67003
1126619,2017/10/10,6.3987,2019/11/22,上海,67028
1126619,2017/10/10,5.1578,2019/11/22,上海,67032
1126619,2017/10/10,6.265,2019/11/22,上海,67033
1126619,2017/12/22,4.7602,2019/11/22,广东,67046
1126619,2017/9/2,5.4252,2019/11/22,广东,67047
1126870,2018/4/22,3.7774,2019/11/22,四川,67573
1126870,2018/4/27,2.8525,2019/11/22,四川,67599
32245,2017/9/7,10.0467,2019/11/22,贵州,67865
32245,2017/9/4,7.9258,2019/11/22,重庆,68051
32245,2017/6/2,7.1411,2019/11/22,重庆,68053
32245,2017/6/2,7.9133,2019/11/22,贵州,68064
32245,2017/9/4,8.174,2019/11/22,湖北,68080
32245,2017/9/12,11.0919,2019/11/22,新疆,68092
32245,2017/9/12,9.9951,2019/11/22,新疆,68093
32245,2017/7/28,9.6488,2019/11/22,新疆,68094
32245,2017/9/12,9.5608,2019/11/22,新疆,68099
32245,2017/9/12,8.5068,2019/11/22,新疆,68100
32245,2017/9/12,8.7826,2019/11/22,新疆,68102
32245,2017/9/12,7.3342,2019/11/22,新疆,68105
32245,2017/7/28,7.6909,2019/11/22,新疆,68108
32245,2017/7/28,7.4935,2019/11/22,新疆,68109
32245,2017/7/28,10.3116,2019/11/22,新疆,68111
32245,2017/7/28,9.4788,2019/11/22,新疆,68112
32245,2017/9/13,8.4385,2019/11/22,湖南,68120
32245,2017/9/1,8.5189,2019/11/22,上海,68144
32245,2017/9/1,8.0942,2019/11/22,上海,68157
32245,2017/4/1,6.7646,2019/11/22,陕西,68190
32245,2017/4/14,4.0613,2019/11/22,陕西,68199
32245,2017/6/13,9.8007,2019/11/22,陕西,68204
32245,2017/7/25,7.3069,2019/11/22,青海,68251
32245,2017/7/25,9.2498,2019/11/22,青海,68261
32245,2017/9/7,5.3701,2019/11/22,青海,68262
32245,2017/7/25,8.3006,2019/11/22,河南,68264
32245,2017/7/25,10.1084,2019/11/22,河南,68265
32245,2017/7/25,8.2456,2019/11/22,河南,68267
32245,2017/9/7,7.1385,2019/11/22,青海,68271
32245,2017/7/25,9.502,2019/11/22,青海,68273
32245,2017/7/25,8.8826,2019/11/22,青海,68274
32245,2017/9/7,9.1078,2019/11/22,河南,68276
32245,2017/9/7,7.9388,2019/11/22,宁夏,68280
32245,2017/7/25,8.3455,2019/11/22,青海,68283
32245,2017/7/25,7.7519,2019/11/22,青海,68289
32245,2017/7/25,6.6817,2019/11/22,青海,68290
32245,2017/9/7,4.8206,2019/11/22,青海,68291
32245,2017/3/30,6.551,2019/11/22,辽宁,68307
32245,2017/9/1,6.1073,2019/11/22,辽宁,68313
32245,2017/9/2,7.9629,2019/11/22,辽宁,68323
32245,2017/9/2,8.6371,2019/11/22,辽宁,68327
32245,2017/9/6,8.3321,2019/11/22,辽宁,68332
32245,2017/9/1,9.3819,2019/11/22,北京,68334
32245,2017/9/1,9.0545,2019/11/22,北京,68337
32245,2017/3/30,5.5145,2019/11/22,北京,68362
32245,2017/3/30,10.3696,2019/11/22,北京,68366
32245,2017/6/14,6.5069,2019/11/22,北京,68369
32245,2017/6/14,9.4774,2019/11/22,北京,68370
32245,2017/3/30,7.026,2019/11/22,北京,68372
32245,2017/6/14,8.9063,2019/11/22,北京,68383
32245,2017/9/1,8.247,2019/11/22,北京,68391
32245,2017/5/26,8.1747,2019/11/22,天津,68427
32245,2017/9/6,7.9625,2019/11/22,黑龙江,68443
32245,2017/9/6,7.4817,2019/11/22,黑龙江,68455
32245,2017/8/30,7.7786,2019/11/22,湖北,68458
32245,2017/8/30,7.007,2019/11/22,湖北,68478
32245,2017/6/7,9.7252,2019/11/22,贵州,68505
32245,2017/4/10,6.7809,2019/11/22,四川,68519
32245,2017/7/25,6.6652,2019/11/22,河南,68568
32245,2017/6/7,8.0812,2019/11/22,四川,68574
32245,2017/4/11,6.8477,2019/11/22,四川,68575
31504,2017/11/23,7.4611,2019/11/22,浙江,68620
1133365,2017/12/13,9.143,2019/11/22,广东,68723
31504,2017/12/7,7.1579,2019/11/22,河南,68873
31504,2017/10/27,7.1375,2019/11/22,河南,68879
31504,2017/12/7,6.8601,2019/11/22,河南,68882
31504,2017/10/27,9.4243,2019/11/22,河南,68886
31504,2017/10/18,9.0779,2019/11/22,四川,68917
31504,2017/10/20,8.3273,2019/11/22,四川,68927
31504,2017/10/19,6.8268,2019/11/22,福建,69034
31500,2016/11/2,7.1504,2019/11/22,河南,69045
31502,2016/12/27,8.5629,2019/11/22,广东,69058
1133365,2017/12/13,6.3153,2019/11/22,广西,69075
31504,2017/10/31,4.358,2019/11/22,河南,69081
31502,2017/11/1,5.824,2019/11/22,海南,69084
1133365,2017/12/13,4.1169,2019/11/22,山西,69091
31502,2017/11/1,6.5287,2019/11/22,广西,69100
31502,2017/10/31,5.6289,2019/11/22,海南,69111
1133365,2017/12/14,3.9944,2019/11/22,广西,69113
31502,2017/10/30,6.3853,2019/11/22,河南,69118
1133365,2017/12/18,5.5399,2019/11/22,广西,69129
31502,2017/10/30,6.5968,2019/11/22,广西,69150
31504,2017/10/30,3.3516,2019/11/22,广西,69153
31504,2017/12/18,5.5833,2019/11/22,海南,69154
31504,2017/12/13,4.6726,2019/11/22,海南,69164
31504,2017/12/13,3.784,2019/11/22,河南,69170
31504,2017/9/30,5.9246,2019/11/22,辽宁,69184
31500,2016/6/30,14.3338,2019/11/22,北京,69189
31500,2016/6/30,11.535,2019/11/22,北京,69191
31500,2016/6/30,13.1988,2019/11/22,北京,69196
31504,2017/10/25,8.0344,2019/11/22,北京,69203
31504,2017/10/25,7.4098,2019/11/22,北京,69204
31504,2017/11/30,8.0431,2019/11/22,北京,69206
31504,2017/11/30,7.0553,2019/11/22,北京,69207
31504,2017/10/25,7.149,2019/11/22,北京,69211
31502,2017/11/30,6.8466,2019/11/22,北京,69212
31504,2017/10/25,8.4777,2019/11/22,北京,69214
31504,2017/10/25,8.0343,2019/11/22,北京,69224
31504,2017/10/25,8.9237,2019/11/22,北京,69231
31504,2017/10/25,8.6491,2019/11/22,北京,69232
31504,2017/10/25,8.014,2019/11/22,北京,69234
31504,2017/10/25,9.0426,2019/11/22,北京,69235
31504,2017/10/25,7.5156,2019/11/22,北京,69236
31504,2017/10/25,6.8726,2019/11/22,北京,69237
31504,2017/10/25,7.6306,2019/11/22,北京,69240
31504,2017/10/25,8.6305,2019/11/22,北京,69241
31502,2017/11/30,7.2463,2019/11/22,北京,69244
31504,2017/10/25,7.9888,2019/11/22,北京,69246
31504,2017/10/25,7.3126,2019/11/22,北京,69247
31502,2017/11/30,7.8877,2019/11/22,北京,69249
31504,2017/9/30,7.9047,2019/11/22,天津,69261
31504,2017/9/30,6.0389,2019/11/22,天津,69266
31504,2017/9/30,7.4499,2019/11/22,天津,69271
31504,2017/9/20,5.5738,2019/11/22,天津,69273
31504,2017/9/30,6.8906,2019/11/22,天津,69275
31504,2017/9/30,5.6376,2019/11/22,天津,69276
31504,2017/9/30,6.6826,2019/11/22,天津,69277
31504,2017/9/30,6.1945,2019/11/22,天津,69284
31504,2017/9/30,6.893,2019/11/22,天津,69285
31504,2017/9/30,6.753,2019/11/22,天津,69286
31504,2017/9/30,5.0644,2019/11/22,天津,69293
31504,2017/9/30,6.1182,2019/11/22,天津,69295
31504,2017/9/30,6.3755,2019/11/22,天津,69301
31504,2017/9/30,5.5459,2019/11/22,天津,69303
31504,2017/10/20,5.4212,2019/11/22,辽宁,69310
31504,2017/10/20,8.2449,2019/11/22,黑龙江,69314
31504,2017/10/20,5.9761,2019/11/22,吉林,69316
31504,2017/10/20,6.3348,2019/11/22,辽宁,69319
31504,2017/10/26,5.7196,2019/11/22,黑龙江,69328
31504,2017/10/17,7.417,2019/11/22,湖北,69372
31504,2017/10/17,6.9638,2019/11/22,湖北,69375
31504,2017/10/17,9.8778,2019/11/22,四川,69417
31499,2017/9/19,9.8951,2019/11/22,四川,69452
31504,2017/9/30,7.624,2019/11/22,天津,69502
31504,2017/10/20,5.2448,2019/11/22,吉林,69503
31504,2017/10/26,7.0534,2019/11/22,吉林,69507
31500,2017/9/19,8.5177,2019/11/22,青海,69511
1133568,2018/1/18,4.8746,2019/11/22,浙江,69520
1133568,2018/1/17,4.1503,2019/11/22,浙江,69537
1133568,2018/2/8,6.4514,2019/11/22,浙江,69554
1133568,2018/2/8,4.5848,2019/11/22,浙江,69562
1133568,2018/2/8,6.6178,2019/11/22,浙江,69564
1133568,2018/2/8,7.9623,2019/11/22,浙江,69565
1133568,2018/2/8,5.5066,2019/11/22,浙江,69567
1133568,2018/2/8,6.7516,2019/11/22,浙江,69569
1133568,2018/2/8,5.7533,2019/11/22,浙江,69574
1133568,2018/1/25,7.3544,2019/11/22,贵州,69605
1133568,2018/1/25,7.6757,2019/11/22,云南,69606
1133568,2018/1/25,8.4786,2019/11/22,广西,69607
1133568,2018/1/25,8.4889,2019/11/22,贵州,69624
1133568,2018/1/25,7.4223,2019/11/22,云南,69627
1133568,2018/1/25,7.5084,2019/11/22,贵州,69629
1133568,2018/1/25,7.3828,2019/11/22,云南,69631
1133568,2018/1/25,8.7296,2019/11/22,云南,69633
1133568,2018/1/25,6.6113,2019/11/22,云南,69634
1133568,2018/1/25,8.7152,2019/11/22,云南,69642
1133568,2018/1/25,7.6296,2019/11/22,云南,69643
1133568,2018/1/25,9.2904,2019/11/22,广东,69646
1133568,2018/1/26,5.9292,2019/11/22,广东,69654
1133568,2018/1/26,7.3545,2019/11/22,广东,69658
1133568,2018/1/26,9.6436,2019/11/22,广东,69666
1133568,2018/1/26,5.8812,2019/11/22,广东,69679
1133568,2018/1/26,6.2157,2019/11/22,广东,69685
1133568,2018/1/26,5.8211,2019/11/22,广东,69702
1133568,2018/1/30,5.6155,2019/11/22,广东,69706
1133568,2018/1/30,4.9561,2019/11/22,广东,69712
1133568,2018/1/26,5.849,2019/11/22,广东,69717
1133568,2018/1/26,6.4681,2019/11/22,广东,69720
1133568,2018/1/26,7.2076,2019/11/22,广东,69728
1133568,2018/1/26,7.4425,2019/11/22,广东,69736
1133568,2018/2/2,4.4826,2019/11/22,广东,69767
1133568,2018/2/2,5.0716,2019/11/22,广东,69769
1133568,2018/2/5,5.9322,2019/11/22,广东,69771
1133568,2018/2/2,6.601,2019/11/22,广东,69773
1133568,2018/2/2,3.6718,2019/11/22,广东,69774
1133568,2018/2/2,7.7178,2019/11/22,广东,69775
1133568,2018/2/2,5.7572,2019/11/22,广东,69776
1133568,2018/2/2,5.7773,2019/11/22,广东,69781
1133568,2018/2/2,5.4584,2019/11/22,广东,69789
1133568,2018/2/5,6.7753,2019/11/22,广东,69790
1133568,2018/2/2,5.851,2019/11/22,广东,69793
1133568,2018/2/2,5.9947,2019/11/22,广东,69797
1133568,2018/2/2,6.9619,2019/11/22,广东,69800
1133568,2018/2/5,6.3878,2019/11/22,广东,69825
1133568,2018/2/5,5.5507,2019/11/22,广东,69827
1133568,2018/2/2,5.881,2019/11/22,广东,69830
1133568,2018/2/2,5.7049,2019/11/22,广东,69833
1133568,2018/2/2,7.5797,2019/11/22,广东,69834
1133568,2018/2/2,6.3547,2019/11/22,广东,69838
1133568,2018/2/2,6.2314,2019/11/22,广东,69840
1133568,2018/2/2,6.8796,2019/11/22,广东,69843
1133568,2018/2/2,6.772,2019/11/22,广东,69846
1133568,2018/2/2,5.3557,2019/11/22,广东,69851
1133568,2018/2/2,6.313,2019/11/22,广东,69852
1133568,2018/2/2,4.6874,2019/11/22,广东,69856
1133568,2018/2/2,7.0782,2019/11/22,广东,69859
1133568,2018/2/2,4.5673,2019/11/22,安徽,69865
1133568,2018/2/2,7.6631,2019/11/22,安徽,69866
1133568,2018/2/2,4.977,2019/11/22,北京,69871
1133568,2018/2/2,6.0118,2019/11/22,安徽,69877
1133568,2018/2/2,5.1163,2019/11/22,重庆,69887
1133568,2018/2/1,5.7511,2019/11/22,福建,69899
1133568,2018/2/1,5.1538,2019/11/22,福建,69904
1133568,2018/1/30,3.6245,2019/11/22,河北,69918
1133568,2018/1/27,4.528,2019/11/22,海南,69929
1133568,2018/1/28,3.2083,2019/11/22,海南,69931
1133568,2018/2/1,8.3401,2019/11/22,内蒙古,69938
1133568,2018/1/30,4.8126,2019/11/22,福建,69942
1133568,2018/1/31,5.7118,2019/11/22,辽宁,69946
1133568,2018/2/2,3.6633,2019/11/22,海南,69952
1133568,2018/1/31,5.5928,2019/11/22,浙江,69953
1133568,2018/1/1,4.4904,2019/11/22,海南,69959
1133568,2018/1/30,5.906,2019/11/22,河南,69961
1133568,2018/2/1,6.5271,2019/11/22,福建,69969
1133568,2018/2/1,5.7324,2019/11/22,广东,69972
1133568,2018/1/28,2.8523,2019/11/22,广西,69974
1133568,2018/2/1,6.195,2019/11/22,山西,69978
1133568,2018/1/30,5.8463,2019/11/22,福建,69986
1133568,2018/1/30,7.9069,2019/11/22,河南,69989
1133568,2018/1/28,4.615,2019/11/22,河南,69991
1133568,2018/1/30,3.9887,2019/11/22,海南,70005
1133568,2018/1/28,4.9763,2019/11/22,海南,70006
1133568,2018/1/28,2.7213,2019/11/22,海南,70016
1133568,2018/1/30,6.0559,2019/11/22,福建,70021
1133568,2018/1/31,6.0872,2019/11/22,福建,70023
1133568,2018/1/31,5.454,2019/11/22,黑龙江,70028
1133568,2018/1/27,3.0565,2019/11/22,海南,70031
1133568,2018/1/30,5.7871,2019/11/22,福建,70035
1133568,2018/2/1,6.3558,2019/11/22,安徽,70047
1133568,2018/2/1,6.0384,2019/11/22,河北,70053
1133568,2018/1/30,5.5834,2019/11/22,广东,70064
1133568,2018/2/1,5.6562,2019/11/22,福建,70065
1133568,2018/1/31,5.5545,2019/11/22,湖南,70066
1133568,2018/1/30,5.8055,2019/11/22,福建,70067
1133568,2018/2/3,2.9337,2019/11/22,海南,70069
1133568,2018/1/31,6.4623,2019/11/22,山西,70074
1133568,2018/2/1,5.7125,2019/11/22,福建,70075
1133568,2018/1/31,5.5645,2019/11/22,黑龙江,70079
1133568,2018/2/1,5.481,2019/11/22,内蒙古,70086
1133568,2018/1/31,6.6406,2019/11/22,四川,70100
1133568,2018/2/3,3.7021,2019/11/22,广东,70104
1133568,2018/1/30,3.7444,2019/11/22,广西,70107
1133568,2018/1/30,6.993,2019/11/22,贵州,70119
1133568,2018/1/26,3.4991,2019/11/22,海南,70124
1133568,2019/11/2,4.6137,2019/11/22,黑龙江,70126
1133568,2018/1/31,6.5607,2019/11/22,河北,70132
1133568,2018/1/30,5.9569,2019/11/22,湖南,70149
1133568,2018/2/3,4.5851,2019/11/22,海南,70159
1133568,2018/2/1,6.829,2019/11/22,河北,70163
1133568,2018/2/1,7.2257,2019/11/22,山西,70174
1133568,2018/1/27,3.8593,2019/11/22,山西,70180
1133568,2018/1/28,3.984,2019/11/22,广西,70185
1133568,2018/1/29,3.6031,2019/11/22,海南,70193
1133568,2018/1/28,2.9025,2019/11/22,海南,70194
1133568,2018/2/2,4.2321,2019/11/22,海南,70195
1133568,2018/1/30,4.611,2019/11/22,广西,70200
1133568,2018/2/1,6.113,2019/11/22,福建,70218
1133568,2018/1/31,5.2749,2019/11/22,黑龙江,70225
1133568,2018/1/30,6.5168,2019/11/22,河北,70229
1133568,2018/2/2,3.0429,2019/11/22,广东,70242
1133568,2018/1/31,4.8694,2019/11/22,安徽,70249
1133568,2018/1/28,2.8268,2019/11/22,海南,70261
1133568,2018/1/26,3.3163,2019/11/22,海南,70262
1133568,2018/2/1,8.8567,2019/11/22,内蒙古,70263
1133568,2018/1/31,6.3773,2019/11/22,内蒙古,70274
1133568,2018/1/31,5.2404,2019/11/22,吉林,70280
1133568,2018/1/30,4.5824,2019/11/22,山东,70283
1133568,2018/1/31,5.4038,2019/11/22,辽宁,70294
1133568,2018/2/1,6.5832,2019/11/22,黑龙江,70298
1133568,2018/1/30,5.62,2019/11/22,福建,70303
1133568,2018/1/30,4.8631,2019/11/22,海南,70310
1133568,2018/1/31,6.0648,2019/11/22,内蒙古,70321
1133568,2018/1/30,4.7328,2019/11/22,内蒙古,70331
1133568,2018/1/31,5.4153,2019/11/22,山西,70344
1133568,2018/2/1,6.533,2019/11/22,黑龙江,70345
1133568,2018/2/1,5.3933,2019/11/22,福建,70347
1133568,2018/1/30,2.8407,2019/11/22,广东,70350
1133568,2018/1/30,2.2959,2019/11/22,海南,70351
1133568,2018/1/28,3.3034,2019/11/22,广西,70353
1133568,2018/2/2,3.6016,2019/11/22,河南,70356
1133568,2018/2/2,2.5086,2019/11/22,广西,70360
1133568,2018/1/28,3.7768,2019/11/22,广西,70361
1133568,2018/1/30,4.1244,2019/11/22,河南,70364
1133568,2018/2/3,3.7892,2019/11/22,广西,70366
1133568,2018/1/30,4.5837,2019/11/22,海南,70369
1133568,2018/1/30,2.8874,2019/11/22,海南,70380
1133568,2018/1/29,4.2034,2019/11/22,海南,70387
1133568,2018/1/31,4.0253,2019/11/22,辽宁,70394
1133568,2018/1/31,5.6478,2019/11/22,安徽,70396
1133568,2018/2/2,4.6837,2019/11/22,海南,70401
1133568,2018/1/30,3.7562,2019/11/22,海南,70402
1133568,2018/1/30,5.3569,2019/11/22,福建,70409
1133568,2018/2/1,5.2732,2019/11/22,河南,70417
1133568,2018/1/31,7.4069,2019/11/22,吉林,70434
1133568,2018/1/30,5.6675,2019/11/22,河北,70448
1133568,2018/1/30,6.2118,2019/11/22,山西,70455
1133568,2018/1/31,4.654,2019/11/22,河北,70462
1133568,2018/2/1,6.2474,2019/11/22,内蒙古,70467
1133568,2018/1/31,6.0214,2019/11/22,辽宁,70471
1133568,2018/1/31,5.1674,2019/11/22,山西,70477
30991,2018/1/31,6.9253,2019/11/22,福建,70487
1133568,2018/2/1,4.6273,2019/11/22,福建,70488
1133568,2018/1/31,5.0314,2019/11/22,黑龙江,70494
1133568,2018/2/1,6.8996,2019/11/22,黑龙江,70499
1133568,2018/2/1,5.681,2019/11/22,福建,70505
1133568,2018/1/30,5.1501,2019/11/22,辽宁,70507
1133568,2018/1/31,5.2226,2019/11/22,湖北,70510
1133568,2018/2/1,6.4456,2019/11/22,山西,70511
1133568,2018/1/30,4.3926,2019/11/22,吉林,70517
1133568,2018/1/31,4.39,2019/11/22,黑龙江,70521
1133568,2018/2/1,4.1666,2019/11/22,黑龙江,70524
1133568,2018/2/1,4.5765,2019/11/22,黑龙江,70526
1133568,2018/2/1,5.8108,2019/11/22,福建,70528
1133568,2018/2/1,6.5155,2019/11/22,吉林,70529
1133568,2018/2/1,5.4302,2019/11/22,山西,70531
1133568,2018/1/29,3.6385,2019/11/22,海南,70543
1133568,2018/2/8,5.6233,2019/11/22,贵州,70550
1133568,2018/2/2,3.4169,2019/11/22,海南,70552
1133568,2018/1/31,6.0299,2019/11/22,福建,70553
1133568,2018/1/31,6.0042,2019/11/22,福建,70562
1133568,2018/2/1,3.7036,2019/11/22,广东,70567
1133568,2018/1/30,4.0393,2019/11/22,广西,70581
1133568,2018/1/27,4.1311,2019/11/22,福建,70592
1133568,2018/1/28,5.9855,2019/11/22,山东,70596
1133568,2018/2/3,2.8029,2019/11/22,山东,70601
1133568,2018/1/30,2.4232,2019/11/22,海南,70603
1133568,2018/1/30,5.3336,2019/11/22,广西,70606
1133568,2018/1/26,5.1042,2019/11/22,山东,70611
1133568,2018/1/29,6.3099,2019/11/22,广西,70617
1133568,2018/1/30,6.1383,2019/11/22,江苏,70621
1133568,2018/2/2,4.1122,2019/11/22,海南,70626
1133568,2018/2/2,4.2486,2019/11/22,福建,70627
1133568,2018/1/28,5.1819,2019/11/22,广西,70629
1133568,2018/2/2,2.3095,2019/11/22,山东,70631
1133568,2018/1/30,5.5959,2019/11/22,海南,70635
1133568,2018/2/2,3.7992,2019/11/22,广东,70637
1133568,2018/2/5,4.7454,2019/11/22,广西,70645
1133568,2018/2/2,5.2585,2019/11/22,海南,70651
1133568,2018/1/26,4.981,2019/11/22,海南,70654
1133568,2018/1/27,3.3064,2019/11/22,山西,70656
1133568,2018/1/28,3.9449,2019/11/22,海南,70663
1133568,2018/1/27,4.4861,2019/11/22,河南,70666
1133568,2018/2/2,3.6552,2019/11/22,广西,70667
1133568,2018/1/28,4.3003,2019/11/22,河南,70670
1133568,2018/1/28,4.658,2019/11/22,河南,70674
1133568,2018/1/28,3.2416,2019/11/22,海南,70678
1133568,2018/1/28,4.4784,2019/11/22,广西,70682
1133568,2018/1/26,3.6396,2019/11/22,河南,70694
1133568,2018/1/28,5.6216,2019/11/22,海南,70695
1133568,2018/1/30,4.9128,2019/11/22,广西,70697
1133568,2018/1/28,4.9707,2019/11/22,海南,70701
1133568,2018/1/27,4.2693,2019/11/22,海南,70710
1133568,2018/2/2,4.369,2019/11/22,广西,70712
1133568,2018/1/28,3.7159,2019/11/22,海南,70722
1133568,2018/1/30,4.207,2019/11/22,海南,70726
1133568,2018/1/28,3.4387,2019/11/22,海南,70728
1133568,2018/1/30,2.9102,2019/11/22,山西,70729
1133568,2018/2/2,2.9588,2019/11/22,海南,70730
1133568,2018/1/28,4.5825,2019/11/22,广西,70737
1133568,2018/1/30,4.4179,2019/11/22,广西,70739
1133568,2018/2/2,4.6047,2019/11/22,海南,70743
1133568,2018/2/2,5.0696,2019/11/22,海南,70751
1133568,2018/2/7,3.3525,2019/11/22,广西,70752
1133568,2018/1/28,5.5358,2019/11/22,广西,70755
1133568,2018/1/29,4.7795,2019/11/22,海南,70759
1133568,2018/2/2,5.4593,2019/11/22,广东,70767
1133568,2018/1/28,2.6247,2019/11/22,海南,70768
1133568,2018/2/6,4.1551,2019/11/22,海南,70771
1133568,2018/1/28,6.9761,2019/11/22,广西,70774
1133568,2018/1/28,6.3376,2019/11/22,广西,70775
1133568,2018/1/29,2.7511,2019/11/22,海南,70776
1133568,2018/1/29,4.4314,2019/11/22,海南,70777
1133568,2018/1/28,5.9064,2019/11/22,海南,70779
1133568,2018/1/29,3.6303,2019/11/22,海南,70787
1133568,2018/2/3,3.6878,2019/11/22,海南,70788
1133568,2018/1/28,3.8746,2019/11/22,海南,70792
1133568,2018/1/28,4.9798,2019/11/22,广东,70797
1133568,2018/2/3,5.076,2019/11/22,海南,70798
1133568,2018/1/28,4.2399,2019/11/22,海南,70799
1133568,2018/2/9,11.1274,2019/11/22,北京,70830
1133568,2018/2/7,3.9689,2019/11/22,广东,70842
1133568,2018/2/7,5.4314,2019/11/22,广东,70843
1133568,2018/2/7,4.5445,2019/11/22,广东,70844
1133568,2018/2/7,5.2739,2019/11/22,广东,70846
1133568,2018/2/7,4.6917,2019/11/22,广东,70847
1133568,2018/2/7,5.2327,2019/11/22,广东,70848
1133568,2018/2/7,6.0453,2019/11/22,广东,70849
1133568,2018/2/7,6.061,2019/11/22,广东,70852
1133568,2018/2/7,5.954,2019/11/22,广东,70853
1133568,2018/1/23,8.3268,2019/11/22,甘肃,70881
1133568,2018/1/23,7.6424,2019/11/22,甘肃,70882
1133568,2018/1/23,6.4093,2019/11/22,甘肃,70886
1133568,2018/1/23,8.8262,2019/11/22,甘肃,70888
1133568,2018/1/27,6.2954,2019/11/22,湖南,70908
1133568,2018/1/27,5.0557,2019/11/22,湖北,70909
1133568,2018/1/27,5.9694,2019/11/22,湖北,70910
1133568,2018/1/20,4.093,2019/11/22,安徽,70911
1133568,2018/1/27,6.0055,2019/11/22,湖南,70915
1133568,2018/1/27,4.8772,2019/11/22,安徽,70941
1133568,2018/1/27,6.2228,2019/11/22,湖南,70942
1133568,2018/1/27,6.9319,2019/11/22,广西,70946
1133568,2018/2/1,6.3878,2019/11/22,辽宁,70973
1133568,2018/2/1,6.1419,2019/11/22,贵州,70975
1133568,2018/1/30,5.2621,2019/11/22,广东,70977
1133568,2018/1/1,5.3394,2019/11/22,辽宁,70983
1133568,2018/2/1,6.9772,2019/11/22,江苏,70986
1133568,2018/1/30,5.7184,2019/11/22,福建,71004
1133568,2018/2/2,4.0038,2019/11/22,广东,71007
1133568,2018/2/2,4.8816,2019/11/22,广西,71009
1133568,2018/1/23,6.3014,2019/11/22,甘肃,71010
23127,2015/7/3,14.6363,2019/11/22,四川,72464
23127,2015/10/20,13.6277,2019/11/22,四川,72467
23127,2015/6/19,20.822,2019/11/22,四川,72468
23127,2015/7/17,18.4614,2019/11/22,云南,72477
23127,2015/6/12,5.8367,2019/11/22,上海,72504
23127,2015/6/2,16.2237,2019/11/22,四川,72581
23127,2015/6/12,5.6579,2019/11/22,上海,72586
23127,2015/10/8,11.4093,2019/11/22,山东,72606
23127,2015/10/8,8.8827,2019/11/22,山东,72642
23127,2015/8/18,13.6027,2019/11/22,河南,72707
23127,2015/6/8,15.2092,2019/11/22,山东,72760
23127,2015/5/15,16.8279,2019/11/22,河南,72956
23127,2015/6/12,20.7185,2019/11/22,河南,73010
23127,2015/6/18,15.9291,2019/11/22,河南,73022
23127,2015/6/19,5.7343,2019/11/22,上海,73026
23127,2015/6/19,9.7259,2019/11/22,河南,73032
23127,2015/8/19,9.7724,2019/11/22,河南,73083
23127,2015/7/14,14.3371,2019/11/22,河南,73127
23127,2015/11/12,14.3391,2019/11/22,河南,73191
1126619,2017/12/26,7.072,2019/11/22,安徽,73525
1126619,2017/12/26,6.6459,2019/11/22,安徽,73526
1126619,2017/12/28,2.299,2019/11/22,海南,73530
1126619,2017/9/28,2.3659,2019/11/22,海南,73531
1126619,2017/12/28,2.3049,2019/11/22,海南,73533
1126619,2017/12/28,2.7311,2019/11/22,海南,73534
1126619,2017/12/29,2.8901,2019/11/22,海南,73535
1126619,2017/12/28,2.5675,2019/11/22,海南,73536
1126619,2017/12/28,2.4706,2019/11/22,海南,73539
1126619,2017/12/29,2.3903,2019/11/22,海南,73540
1126619,2017/12/29,2.8599,2019/11/22,海南,73543
1126619,2018/1/2,2.3303,2019/11/22,海南,73545
1126619,2017/12/29,2.4659,2019/11/22,海南,73546
1126619,2017/12/29,2.5789,2019/11/22,海南,73548
1126619,2017/12/28,2.3933,2019/11/22,海南,73549
1126619,2017/12/28,2.5094,2019/11/22,海南,73550
1126619,2017/12/27,3.4666,2019/11/22,海南,73552
1126619,2017/12/28,3.016,2019/11/22,海南,73553
1126619,2017/12/29,2.5782,2019/11/22,海南,73554
1126619,2017/12/28,4.5764,2019/11/22,安徽,73560
1126619,2017/10/1,4.3894,2019/11/22,江苏,73570
1126619,2017/12/1,6.3203,2019/11/22,广东,73578
1126619,2017/12/27,4.6149,2019/11/22,湖北,73584
1126619,2017/6/29,8.2366,2019/11/22,云南,73698
1126619,2017/6/28,8.3826,2019/11/22,云南,73702
1126619,2017/12/28,7.2023,2019/11/22,四川,73716
1126619,2017/12/26,6.7434,2019/11/22,湖北,73718
1126619,2017/6/26,8.6931,2019/11/22,重庆,73721
1126619,2017/7/4,8.4625,2019/11/22,新疆,73725
1126619,2017/7/4,8.1967,2019/11/22,新疆,73726
1126619,2017/12/25,8.4402,2019/11/22,北京,73735
1126619,2017/9/26,8.321,2019/11/22,北京,73738
1126619,2017/12/28,6.996,2019/11/22,北京,73746
1126619,2017/10/10,8.2641,2019/11/22,北京,73747
1126619,2017/7/24,8.1432,2019/11/22,四川,73755
1126619,2017/6/27,9.7555,2019/11/22,青海,73757
1126619,2017/12/28,3.5822,2019/11/22,内蒙古,73762
1126619,2017/12/26,6.249,2019/11/22,安徽,73765
1126619,2017/12/26,6.4945,2019/11/22,安徽,73766
1126619,2017/12/26,6.1316,2019/11/22,安徽,73767
1133366,2019/3/29,0.5026,2019/11/22,浙江,74150
1126619,2017/12/29,3.3539,2019/11/22,海南,74911
1126619,2017/12/7,2.9989,2019/11/22,海南,74912
1126619,2017/12/27,6.1491,2019/11/22,湖北,74916
1126619,2017/6/26,8.2679,2019/11/22,重庆,74917
1126619,2017/6/27,8.8086,2019/11/22,青海,74918
1126619,2017/12/27,5.5861,2019/11/22,广东,74921
1126619,2017/12/23,6.8792,2019/11/22,河南,74922
1126619,2017/12/25,4.5936,2019/11/22,北京,74924
1126619,2017/12/28,6.9518,2019/11/22,北京,74926
1126619,2017/12/28,6.7234,2019/11/22,辽宁,74929
1126619,2017/12/28,5.4709,2019/11/22,山西,74932
1126619,2017/12/28,4.8483,2019/11/22,上海,74933
1126619,2017/12/29,6.3994,2019/11/22,广东,75610
1126619,2017/12/29,5.9887,2019/11/22,广东,75611
1126619,2017/12/28,3.3593,2019/11/22,海南,75613
1126619,2017/12/28,2.4459,2019/11/22,海南,75614
1126619,2017/12/29,3.1761,2019/11/22,海南,75615
1126619,2017/12/28,5.8418,2019/11/22,上海,75616
1126619,2017/10/10,6.0701,2019/11/22,河北,75618
1126619,2017/9/27,4.0935,2019/11/22,广西,75620
1126619,2017/12/27,5.0991,2019/11/22,广东,75622
1126619,2017/11/1,8.3451,2019/11/22,陕西,76921
1126619,2017/9/27,3.9071,2019/11/22,广东,76924
29585,2017/4/28,4.8266,2019/11/22,北京,77998
29585,2017/7/13,3.7632,2019/11/22,北京,78003
29585,2017/4/28,4.8918,2019/11/22,北京,78005
29585,2017/5/23,3.1446,2019/11/22,北京,78007
29585,2017/5/23,3.5928,2019/11/22,北京,78009
29585,2017/5/4,4.4743,2019/11/22,北京,78013
29585,2017/4/28,4.7595,2019/11/22,北京,78024
29584,2016/7/15,13.4289,2019/11/22,上海,78726
23127,2015/8/11,11.0656,2019/11/22,上海,79659
23127,2015/8/11,10.687,2019/11/22,上海,79661
23127,2015/6/18,5.7855,2019/11/22,上海,79662
23127,2015/6/12,5.8367,2019/11/22,上海,79666
23127,2015/6/12,5.6319,2019/11/22,上海,79667
23127,2015/6/12,14.0198,2019/11/22,上海,79668
23127,2015/6/2,5.6838,2019/11/22,上海,79676
23127,2015/8/18,5.8623,2019/11/22,上海,79677
29777,2016/6/13,7.6627,2019/11/22,重庆,79757
28176,2016/11/11,12.2681,2019/11/22,云南,83180
28176,2016/11/11,10.0687,2019/11/22,云南,83181
28176,2016/12/5,12.7165,2019/11/22,广东,83342
28176,2016/10/28,11.1395,2019/11/22,山西,83472
30991,2016/11/16,10.5499,2019/11/22,广西,83793
30991,2016/9/26,8.1226,2019/11/22,河北,83908
30991,2016/9/26,10.8592,2019/11/22,河北,83911
30991,2016/8/4,10.9974,2019/11/22,河北,83912
30991,2016/9/26,8.6517,2019/11/22,河北,83915
30991,2016/9/26,7.7646,2019/11/22,河北,83922
30991,2016/9/26,10.0144,2019/11/22,河北,83935
28176,2016/9/26,9.1079,2019/11/22,河北,83941
30991,2016/9/26,10.2993,2019/11/22,河北,83955
30991,2016/9/26,8.6882,2019/11/22,河北,83958
28176,2016/9/22,8.7451,2019/11/22,四川,84044
28176,2016/9/22,10.8384,2019/11/22,湖北,84069
28176,2016/9/22,7.6183,2019/11/22,四川,84076
